type,title,description
1,Attention to Detail,xyz
1,Communication Skills,xyz
1,Computer Software,xyz
1,Creativity,xyz
1,Critical Thinking Skills,xyz
1,Data Analysis,xyz
1,Digital Literacy,xyz
1,Emotional Intelligence,xyz
1,Financial Literacy,xyz
1,Foreign Languages,xyz
1,Logical Reasoning,xyz
1,Management Skills,xyz
1,Marketing,xyz
1,Negotiation,xyz
1,Organization Skills,xyz
1,Problem Solving Skills,xyz
1,Project Management,xyz
1,Responsibility,xyz
1,Teamwork,xyz
1,Writing Skills,xyz
1,Other,xyz
2,Active Listening,
2,Adaptability,
2,Administrative,
2,Affiliate Marketing,
2,Analytical Reasoning,
2,Artificial Intelligence,
2,Blockchain,
2,Business Analysis,
2,Business Development,
2,Business Intelligence,
2,Business Management,
2,Business Storytelling,
2,Channel Marketing,
2,Cloud Computing,
2,Coaching,
2,Collaboration,
2,Consulting,
2,Content Marketing,
2,Content Strategy,
2,Creativity,
2,Critical Thinking,
2,Data Analysis,
2,Delegating Tasks,
2,Digital Marketing,
2,Digital Media,
2,Economics,
2,Editing,
2,Leadership,
2,Management,
2,Marketing,
2,Market Research,
2,Media Planning,
2,Negotiation,
2,Newsletters,
2,Nonverbal Communication,
2,Online Marketing,
2,People Skills,
2,Persuasion,
2,Presentation,
2,Problem Solving,
2,Project Management,
2,Public Relations,
2,Relationship Management,
2,Research,
2,Sales,
2,Scientific Computing,
2,Social Media,
2,Strategic Planning,
2,Taking Initiative,
2,UX Design,
2,Writing,
2,Other,
2,basic syntex,
2,basic programming concept,
2,"array, string, collections",
2,OOP,
2,java standard library,
2,object-oriented design pattern,
2,file input and output,
2,javas exception-handling mechanism,
2,"basic data structures like linked list, stack, queue, tree, and graph in java",
2,multi-threading and concurrency,
2,java virtual machine (jvm),
2,"advanced data structures such as trees, maps, and sets",
2,jdbc and hibernate,
2,"javas network programming capabilities, including sockets and web services",
2,"RMI, JMS, and EJB",
2,dependency injection,
2,inversion of control,
2,create and configure,
2,auto-configuration,
2,starter dependencies,
2,JPA,
2,hibernate,
2,REST controllers,
2,spring Security,
2,microservices architecture,
2,basic data types,
2,control structures,
2,functions and modules,
2,file input/output,
2,exception handling,
2,regular expressions,
2,advanced data structures and algorithms,
2,network programming using sockets and other libraries,
2,unit testing and test-driven development,
2,data manipulation and analysis using libraries such as NumPy and pandas,
2,understanding and utilizing built-in Python libraries and third-party modules,
2,concurrency and parallelism using libraries such as multiprocessing and asyncio,
2,machine learning and data science using libraries such as sci-kit-learn and tensorFlow,
2,understanding and utilizing the Model-View-Controller (MVC) pattern in Django,
2,creating and managing models and database tables using the Django ORM,
2,handling and validating forms using Django built-in Form and ModelForm classes,
2,creating views and handling requests using function-based views and class-based views,
2,using URL routing and regular expressions to map URLs to views,
2,using the Django template language to create dynamic templates,
2,implementing authentication and authorization using Django built-in user system,
2,creating RESTful APIs using Django Rest Framework,
2,Implementing caching for performance optimization,
2,Utilizing Djangos built-in administration interface to manage the application,
2,Understanding the basics of the Flask micro-framework,
2,Creating views and handling requests using functions decorated,
2,Using URL routing and regular expressions to map URLs to views,
2,Managing application configuration using environment variables and Flask built-in config object,
2,Handling forms and input validation using Flask-WTF,
2,Creating RESTful APIs using Flask-RESTful or Flask-RESTPlus,
2,Utilizing SQLAlchemy or other ORM libraries for database management,
2,java basic,
2,advance java,
2,java spring boot,
2,python basic,
2,advance python,
2,python django,
2,python flask,
127,Appliances,piuyctYMwD
127,Musical Instrument,dxFtKxjgAI
127,Automotive Parts & Accessories,ZyLFT7FTL8
127,Cell Phones & Accessories,67BlILv97U
127,Toys & Games,EG9SqTo9dw
127,Household & Kitchen Appliances,rYhOOyDsCu
127,Industrial & Scientific Supplies,VzOw7TCCxY
127,Sports & Outdoor,d1CfFLnwTC
127,Automotive Parts & Accessories,KogTOz8mei
127,Beauty & Personal Care,0SMhMXyH3b
127,Handcrafts,JOvA8ZWHCe
127,Tools & Home Decoration,ggyaukv54E
127,Apps & Games,b0NL8yZZVz
127,Industrial & Scientific Supplies,ZWGX3uizfz
127,Tools & Home Decoration,bBAxQRDqgg
127,Books,33PCQuwd3u
127,Beauty,z8ZP4wa1nb
127,Computers & Electronics,bOrAHHbMUA
9,Toys & Games,2JPmDWuVjd
127,Apps & Games,7NbmogZ2Vg
127,Musical Instrument,5WlGEw7ZtP
127,Centurion Garden & Outdoor,GWh2Z7XZaX
1,Books,vgLh5rBXgZ
127,Pet Supplies,VHqrevpG37
127,Sports & Outdoor,Yw4Uxv8SyF
127,Film Supplies,0KVZpxs6tU
127,Centurion Garden & Outdoor,wPs7KemCYq
127,Health & Baby Care,Zn0J5Doxyz
13,Sports & Outdoor,zhMGF2QXtY
127,Industrial & Scientific Supplies,ddeysSPWxG
127,Food,rLozvlCqn3
127,Pet Supplies,iwwzynKQbg
127,CDs & Vinyl,C2aykX1g3y
127,Industrial & Scientific Supplies,kLXXpmMbj6
127,Beauty & Personal Care,6Wi7Yo158C
16,Toys & Games,02YtT3QSC8
127,Sports & Outdoor,vX78qUFY7T
127,Tools & Home Decoration,CUfO46121q
127,Baby,XQho3knWDX
127,Baggage & Travel Equipment,DPuOmDP6JR
127,Film Supplies,Cs1l7Qkn5u
127,Baby,tDANTPxXWB
127,"Clothing, Shoes and Jewelry",QPk5S9xViJ
127,Automotive Parts & Accessories,NgNRqLJkyI
127,Sports & Outdoor,icykZYkGjm
127,Health & Baby Care,dznvuG4vZ3
127,Others,LVRWdgKRgQ
127,CDs & Vinyl,vmH5cj1CzJ
49,Books,QCCq7gJORt
127,Musical Instrument,0jYNeo9jq4
114,Toys & Games,8ERiId7yEm
127,CDs & Vinyl,okfFFeqond
127,Baggage & Travel Equipment,eaN23X1g2h
127,Beauty & Personal Care,A1LmYQBeil
10,Handcrafts,ZBMkpE5a55
127,Health & Baby Care,J8XvVZYvzZ
127,Video Games,4L04dcya2A
120,Beauty & Personal Care,6ZwhCTK2yh
127,Pet Supplies,gmBTo9RTTM
35,Baggage & Travel Equipment,zPbMn6pe6t
127,"Clothing, Shoes and Jewelry",O7mlAqREgb
127,Beauty,87y0DyuGNB
127,Appliances,iXnL08tLU5
127,Sports & Outdoor,yQdotsG4Vm
127,Collectibles & Fine Art,MSeYFwrZ8z
127,Baby,vaeDeO1qYc
127,Automotive Parts & Accessories,pAzA8ndov4
127,Baggage & Travel Equipment,OkxLOBT1Jf
13,Baby,ER9MCKaBki
127,Toys & Games,HmWEWBDYcE
127,Musical Instrument,eh4CLRDqYH
127,Others,CFrG4Eaym5
127,Beauty & Personal Care,KlwyZ4yfUf
127,Handcrafts,lNnBfhjafm
127,Industrial & Scientific Supplies,wSaPM4zpaM
127,Appliances,hglBw4Jjkm
127,CDs & Vinyl,tLJISwWQO4
127,Sports & Outdoor,KpouXVcnSB
127,Others,N2ygMLZW35
127,Food,SIUMNQMLpt
127,Industrial & Scientific Supplies,CWXNXO92Yt
127,Industrial & Scientific Supplies,8SyRItCNms
127,Pet Supplies,uUjOXuggZF
127,Appliances,tGBvuerBc0
127,Toys & Games,1W1Xp6rrAV
127,"Arts, Handicrafts & Sewing",uBw7BkMFvA
127,Film Supplies,USXFHk8v9f
127,CDs & Vinyl,zWAzCj28dF
127,Health & Baby Care,Hjrd2LpZTt
127,Food,qdQJqExWMt
127,Centurion Garden & Outdoor,IOx0JvKUgx
127,Beauty & Personal Care,S2Ge3g6r7h
127,Sports & Outdoor,dgb87mDnaf
127,Collectibles & Fine Art,EBNIwZ8gzC
127,Centurion Garden & Outdoor,qbAk2IAxWH
89,Musical Instrument,CO91U6QJZX
43,Cell Phones & Accessories,Sj7QxOXUn3
127,Centurion Garden & Outdoor,tbziF6IifU
127,Automotive Parts & Accessories,eT9vcILDNr
127,Computers & Electronics,SLk1qAn1x6
127,Centurion Garden & Outdoor,TaaBqTSAWq
127,Tools & Home Decoration,PwR1e71ycZ
127,"Arts, Handicrafts & Sewing",f0VoLPN4qP
127,Apps & Games,XehhvxHB6a
127,Food,KkkuLAl7wt
127,Computers & Electronics,MVahyg9qzS
5,Apps & Games,v7p1eRpoui
127,Computers & Electronics,jPpvkZ1VC4
127,Others,0gyZ2d3zIu
127,Books,kAgaxyy5Gm
127,Video Games,F2o7OGt70Z
127,Apps & Games,MBuDGDzCcI
127,Baggage & Travel Equipment,TYJg91KZIM
127,Cell Phones & Accessories,BDEnpBEnF3
127,Pet Supplies,lgYjB7M5Ho
127,Collectibles & Fine Art,szD5sDzyoK
127,"Clothing, Shoes and Jewelry",2RhBOo6AKS
127,Beauty & Personal Care,MZCYbgp3xP
104,Baggage & Travel Equipment,ArGWYFiBQq
127,Industrial & Scientific Supplies,OLA54osMFG
127,Automotive Parts & Accessories,eFWoO9EuJc
127,"Clothing, Shoes and Jewelry",FdS1x0WvQy
127,Handcrafts,aVssyiOM5Z
127,CDs & Vinyl,P6s6lfgYyl
127,Collectibles & Fine Art,DiBuNSIhH7
127,Beauty & Personal Care,dJ6k4QfMIV
127,Others,WmUEw92Xlr
55,Collectibles & Fine Art,1xejONyfQO
127,"Arts, Handicrafts & Sewing",ejxEaeJV0M
127,"Arts, Handicrafts & Sewing",i3ktIEgFWJ
127,Others,UyzHrUUrIf
127,Film Supplies,TrmUhbBJB6
127,Musical Instrument,4SkWVyioHS
127,Baby,1MsB6N5HYM
127,Books,hyLMGBpYul
127,Toys & Games,a3WgsI7IEh
127,Tools & Home Decoration,KSpjQmx7RD
19,"Arts, Handicrafts & Sewing",JxwwMuAzN4
127,CDs & Vinyl,R34ZzcJyz4
127,Toys & Games,u7OG2oQDc8
127,"Clothing, Shoes and Jewelry",9zKzVkH58D
127,Collectibles & Fine Art,hce1O68x7Q
127,Food,3NacqKfqdQ
127,Automotive Parts & Accessories,DxEhElwxzx
127,Cell Phones & Accessories,ZCb6qysZOB
127,Film Supplies,Zmu7j92Bao
127,Cell Phones & Accessories,qPR0nbhOCL
127,Others,b0mpW6PTIF
127,Others,uyRHiRD23c
127,Apps & Games,Kr3e654lwo
127,Film Supplies,P8sL0jhMyw
127,Film Supplies,sJIUexlRno
127,Tools & Home Decoration,tiNnd8ufaA
127,Video Games,BIWpJ71IiH
127,Centurion Garden & Outdoor,HRPreXtnF9
127,Musical Instrument,UZtujch2jq
13,"Arts, Handicrafts & Sewing",0yI78wuFae
127,Cell Phones & Accessories,rFXgAuMoe0
127,Beauty & Personal Care,eZm0H7vBbd
127,Appliances,lFDLq6hO1A
127,"Arts, Handicrafts & Sewing",wpJVKxkU9n
127,Household & Kitchen Appliances,K5i9Zw4MOq
127,CDs & Vinyl,ctxeR86bm8
127,Books,U5XN48fQCU
127,Centurion Garden & Outdoor,NXGRuejPkB
127,Automotive Parts & Accessories,aGBW0JfSsC
52,Collectibles & Fine Art,tvEA7C1ULH
127,Toys & Games,Ra50Npkkdd
127,Food,7211gFIrbl
127,Household & Kitchen Appliances,QCGySmS15S
127,Industrial & Scientific Supplies,A0ORlRT7UW
127,Musical Instrument,JUCzshaUYP
127,"Arts, Handicrafts & Sewing",93W4azdhf7
127,"Arts, Handicrafts & Sewing",h42jnuhD2B
127,Video Games,5Ps8TkJWDt
79,Others,a9JWDM2QNB
127,Household & Kitchen Appliances,3QKs1L3CPp
127,Sports & Outdoor,ZuYLX1LVU8
127,Handcrafts,f8sNqGu2SO
127,Sports & Outdoor,udzKFYtHBs
127,Musical Instrument,DjF4GH0JeP
119,Centurion Garden & Outdoor,RVGnLysOop
127,Household & Kitchen Appliances,6PIO79ys32
127,Baggage & Travel Equipment,RYuQtwg4Co
127,Food,azbdsLVxIj
56,Apps & Games,xPJqJh3dlN
127,Beauty & Personal Care,Z07t0CAgQG
6,Books,ucBdxfXIMK
127,Books,M8PeU0lwwR
127,Computers & Electronics,KLMLi9ZQDW
127,Others,c73aEorgNS
127,Computers & Electronics,ju7o9FlbZp
57,Centurion Garden & Outdoor,kZxoKCX9XY
127,Pet Supplies,khfUP1xsUK
127,Collectibles & Fine Art,IunpQ6ewOR
127,CDs & Vinyl,1CxXFLMGbr
127,Toys & Games,ckYTncUrEM
127,"Arts, Handicrafts & Sewing",io9HQefXJo
127,Film Supplies,qpDPdfqv0M
127,Collectibles & Fine Art,aBbngghB1w
127,CDs & Vinyl,KnuGLLnczr
127,Pet Supplies,2jVgIo1INX
127,"Arts, Handicrafts & Sewing",ghxd8x3F39
127,Appliances,10WqXaoyOg
127,Toys & Games,TXDI1iEmOk
127,Health & Baby Care,fuOe4nzf3C
127,Toys & Games,u7MGlrY6Fx
40,Toys & Games,NGzjGi9ZKy
127,Musical Instrument,efPDu84rQt
127,CDs & Vinyl,VIwbAfUYqK
127,Automotive Parts & Accessories,d5hXH0zeQL
127,Automotive Parts & Accessories,HbkwHC9ozP
108,Baby,EV5bqyOlye
127,Beauty,WyeKJwWJAP
127,Apps & Games,o0YOFG4KyU
127,Centurion Garden & Outdoor,4T7y5AEHqG
127,Cell Phones & Accessories,BI3uKidcP2
127,Pet Supplies,jzbnno1bpf
24,Beauty,K7jF1X4xW4
127,Centurion Garden & Outdoor,TrQo1Wn8Jn
52,CDs & Vinyl,Lk3fozqxPI
95,"Clothing, Shoes and Jewelry",BEovv4ESXm
127,Beauty & Personal Care,8GLmBK1CYP
103,Apps & Games,8X1iZqhBGK
127,Cell Phones & Accessories,WBDwsWvswy
127,Toys & Games,HdUv9hyP76
127,Beauty,yOoqyRSV2W
127,Beauty & Personal Care,6IiIZb93FJ
127,Household & Kitchen Appliances,dd2YoBy5LH
127,Toys & Games,awZeZ7EOa8
127,Pet Supplies,vUAXQByLa3
127,Pet Supplies,oaRg6mOnt6
127,Tools & Home Decoration,bSgpMBR4Qt
127,Centurion Garden & Outdoor,uxMm1QVDOv
127,Computers & Electronics,Xd1H7yQ0qo
127,Toys & Games,8NRkxPV5yL
84,"Arts, Handicrafts & Sewing",4G2PwHFYnM
127,Handcrafts,2btOvkgizA
127,Centurion Garden & Outdoor,utBOT2PV89
127,Centurion Garden & Outdoor,I9RNn42Fbx
127,Appliances,DC6C1bCo3Z
121,Toys & Games,lwFcZ8Z4Es
127,Baby,hR4k8MjEpe
127,Household & Kitchen Appliances,IdpQwOxJhR
127,Appliances,fWeKYdZKaS
127,Pet Supplies,XUOlJTfFnR
127,Handcrafts,LZRbjWhWTs
127,Film Supplies,c0E9k5QMLU
127,Books,ZWnpiODJaL
127,Baby,L5d8dGLmyb
127,Books,29jRcptugJ
127,Video Games,foiv4Y1z01
127,Household & Kitchen Appliances,YhJnrCjSM0
95,Apps & Games,vA317Vleq1
127,Baggage & Travel Equipment,o48HONupUu
127,Automotive Parts & Accessories,wnvdzjftKU
127,Others,fGBvesyaIb
127,Pet Supplies,NtyoJUlLMs
127,Tools & Home Decoration,ZrnAWfziCT
127,Baggage & Travel Equipment,cjt98Jd2ad
127,Pet Supplies,1Hqq96fJ4z
127,Collectibles & Fine Art,BVDuwrnDB5
127,Film Supplies,gYr5syCBq6
127,Automotive Parts & Accessories,KE19zHB6yy
127,"Arts, Handicrafts & Sewing",5k119K2ev9
127,Tools & Home Decoration,fHGbEGMLMm
127,Appliances,K1CbseUjcr
127,"Arts, Handicrafts & Sewing",Oz0xMCf4jw
127,Video Games,vQknWh9GAp
127,Musical Instrument,JUEo2f6LQI
127,Tools & Home Decoration,QT8IudlZpU
127,Cell Phones & Accessories,HiynvFpJnd
127,Computers & Electronics,KXju84thUy
127,Handcrafts,7ZvuVfXvbk
127,Food,AGOYJXcs0q
127,Pet Supplies,EKP8Dqyr9K
127,CDs & Vinyl,w9VOEQA8ut
127,Industrial & Scientific Supplies,GJj6QihyVJ
127,CDs & Vinyl,MYCdMKSfIa
127,Appliances,UTJlh73V1G
127,Computers & Electronics,dAi967HVp5
127,Food,rURdGO7COa
48,CDs & Vinyl,lHMc5S84ni
120,Musical Instrument,7wKs1FKI8c
127,Automotive Parts & Accessories,ep10L2G6Vp
51,Sports & Outdoor,V3X9wTZ92P
38,Film Supplies,zDj3crUK0Q
127,Handcrafts,JaOWndMUnQ
127,Appliances,gP94ieFEoT
127,Handcrafts,scuoPc43XT
127,Beauty,0zGU0L5m1Y
127,Beauty,HNWPgKuwan
127,Automotive Parts & Accessories,bcJRJf1wPc
127,Others,d1VgO8QXRT
123,CDs & Vinyl,tDcOrbLdwe
127,Collectibles & Fine Art,Gf8mocnKA3
127,"Arts, Handicrafts & Sewing",DhPhRZne6K
127,Industrial & Scientific Supplies,4pgH71ftFF
127,Cell Phones & Accessories,wQDTV6p30B
127,Sports & Outdoor,2MJyK9Dytu
127,Collectibles & Fine Art,G3Xx3is7cC
44,Musical Instrument,9Q85xKtSMW
127,Industrial & Scientific Supplies,P3UCaaHwp4
127,Computers & Electronics,RPfrTdiCyd
127,Musical Instrument,8ii4LI21Kt
127,Automotive Parts & Accessories,g4QKQ3Rt2I
127,Tools & Home Decoration,wDofchaXr9
127,Apps & Games,QV74OomJLL
127,Sports & Outdoor,NzV5FnOxL9
127,Musical Instrument,2OWuE8RaeZ
127,Automotive Parts & Accessories,AKxzimGOFE
127,Pet Supplies,cb93J4lrI7
127,Cell Phones & Accessories,vCaLnApH5d
127,Collectibles & Fine Art,JtXqiOtH0y
127,Musical Instrument,lVa1PoThBe
127,CDs & Vinyl,xgwrvnjYK5
127,"Clothing, Shoes and Jewelry",uXYHlOW0o1
127,Beauty,lj87mWI5Vr
127,Baggage & Travel Equipment,1HqCQ8uWU8
127,"Clothing, Shoes and Jewelry",I235OcCHC3
127,Others,o8hrnuu9ke
127,Collectibles & Fine Art,hmCdIMKm4M
127,Sports & Outdoor,kfUn48elPq
127,Apps & Games,n5Uc7Wlh4q
127,CDs & Vinyl,VuJduUeb0W
127,Pet Supplies,FgR85szqVy
127,Beauty & Personal Care,Y9epWQhVEU
127,Food,n9J1knVlK6
127,Film Supplies,z3xX0mehCQ
127,Toys & Games,6X7yMjw29T
127,Sports & Outdoor,6s8Ql5c6j2
127,Automotive Parts & Accessories,k6KdMZ4EBt
127,Video Games,xqROhwAFAT
126,Cell Phones & Accessories,QT512Z804V
127,Baggage & Travel Equipment,sXfzD6OFbB
127,Handcrafts,79F281ipG3
127,Computers & Electronics,Rz5v2tEo7u
127,Industrial & Scientific Supplies,4Weg8MfROW
127,Toys & Games,xlEkoLzWC1
127,Handcrafts,ATgg6Ww6Qi
127,"Clothing, Shoes and Jewelry",chw4p9V5AK
127,"Clothing, Shoes and Jewelry",kH7MW4VA7l
127,Books,Sbix35EyJz
127,Toys & Games,DnA1ftroMo
127,Computers & Electronics,1cCdZYYIDv
127,Handcrafts,VnCaKYubXz
54,Industrial & Scientific Supplies,Eu1NkLWv3L
42,Computers & Electronics,ZSzoTkllnZ
127,Beauty & Personal Care,YElwjkapoQ
127,Household & Kitchen Appliances,DcPahb3M9n
127,Musical Instrument,V2nwDP8oKS
127,Food,tJNLWRQmRQ
127,Baby,q1XZYautcB
5,Centurion Garden & Outdoor,UhkHEL8mOu
127,Pet Supplies,6QSMWsmb4A
127,Video Games,9OhRLc9fNQ
127,Health & Baby Care,4MgLvKgywE
127,Handcrafts,EEJsIt46rp
127,Video Games,aUFZofD0CT
127,"Clothing, Shoes and Jewelry",HHHB1KMP4n
127,Food,N3V5IZN0KS
127,Computers & Electronics,eYZyysKrNX
127,Food,efhT1i7ZIe
31,Collectibles & Fine Art,0HS35yVYbf
127,Cell Phones & Accessories,rOxCNIsCX1
127,Musical Instrument,IeojBQhKpR
127,Beauty & Personal Care,qfKESxEd6g
127,Pet Supplies,Oe5v83YeEB
127,Cell Phones & Accessories,xRiT6g4z4M
127,Health & Baby Care,OomCOegZX9
127,Tools & Home Decoration,HPb2tmMIBV
127,"Clothing, Shoes and Jewelry",ZVPmlaPb2g
127,Beauty,xVlQrAjxcB
127,Health & Baby Care,bLVk31Ttx7
127,Apps & Games,tNUrEMxg23
127,Computers & Electronics,ekDED5ywJB
127,Centurion Garden & Outdoor,GH0Qsst6y4
127,Handcrafts,SU2uYDi7Zi
127,Beauty & Personal Care,SMqfCrCIqH
127,Industrial & Scientific Supplies,kxgq6GOJuy
127,Collectibles & Fine Art,KO8U39YnXx
36,CDs & Vinyl,UYidr0CCU0
127,Film Supplies,kNYPXeXJBy
127,Food,rsCsbJLvnz
127,Food,5BJRhWiwQM
127,Pet Supplies,wStZQVuSGY
127,Appliances,gPpxWzP4zM
127,"Arts, Handicrafts & Sewing",26pfbGJaoh
127,Health & Baby Care,n0MSoGakIA
127,Household & Kitchen Appliances,orJ9vAxjWx
127,Beauty & Personal Care,C9LJVvdF9y
127,"Arts, Handicrafts & Sewing",YzsoCM1F73
124,Centurion Garden & Outdoor,JTfdwFPYbE
127,Centurion Garden & Outdoor,g3FaKKszu1
127,Collectibles & Fine Art,oGEkaSw4ED
127,Computers & Electronics,KEwWtcaq5l
127,Beauty,JCSfUwFMrq
127,Cell Phones & Accessories,fYwreuaLR8
127,Centurion Garden & Outdoor,lEIVQLcxl7
74,Beauty,HnGiPMy6QI
127,"Clothing, Shoes and Jewelry",4Jr9ozKAgb
127,Film Supplies,0zQVPuMIPz
127,Household & Kitchen Appliances,3URaYsX1cZ
127,Baggage & Travel Equipment,11j7kQtSAK
127,Film Supplies,mCRMP598Qa
127,Automotive Parts & Accessories,1BboVNtTCs
127,Video Games,ZIksaRkrP3
46,Books,ycPPQlX3F4
127,Musical Instrument,FwbscpYvBQ
127,Centurion Garden & Outdoor,O6Sxjf1tms
127,Computers & Electronics,lWjrYeuYUC
127,CDs & Vinyl,3xkgieN8OM
127,Appliances,rJ5vg6WAGy
127,"Arts, Handicrafts & Sewing",NG5A0fC5ma
127,Sports & Outdoor,yBgn7tg6D7
127,Collectibles & Fine Art,HTrROsuPHA
127,Collectibles & Fine Art,QPYG46Zdwu
127,Cell Phones & Accessories,saYChcocbB
127,Household & Kitchen Appliances,GegzLRAuHk
127,Pet Supplies,r8xV9Vkj98
127,Apps & Games,uiEelZgdag
127,Sports & Outdoor,WYHOYopUmD
54,Automotive Parts & Accessories,EGFMgCUMo5
127,Baggage & Travel Equipment,hV8cYCl5DZ
127,Collectibles & Fine Art,Zl59OB97TL
127,CDs & Vinyl,OHvQYgEDI4
127,Film Supplies,q9MN1I3Wry
127,"Arts, Handicrafts & Sewing",eF2QG2yCBH
127,Tools & Home Decoration,5TVsLgkhtB
127,Centurion Garden & Outdoor,kToJemFafW
127,Baggage & Travel Equipment,0XU5flqhtJ
127,"Arts, Handicrafts & Sewing",GdsFmPl8Um
127,"Arts, Handicrafts & Sewing",22my1ym5zv
127,Beauty,0cuLeV5I0p
127,Beauty,gbABd63JIu
127,Baby,tgh4xzrzO7
127,Beauty & Personal Care,c0QhFHzqrX
127,Centurion Garden & Outdoor,E5W6vAFqrN
127,"Arts, Handicrafts & Sewing",b7IsxhxJHo
127,CDs & Vinyl,8BF48p9wqW
127,"Arts, Handicrafts & Sewing",NDXqknlgbo
127,Handcrafts,zHNkeIG0SG
127,Household & Kitchen Appliances,Cz2Rj4IoEO
64,Tools & Home Decoration,cx69q0lf39
84,Apps & Games,12Eo17l0tL
127,Beauty & Personal Care,KicMhJkycN
127,CDs & Vinyl,qHbHzm6jpi
127,Household & Kitchen Appliances,VhZayGUhOa
127,Video Games,eC68eBAwbi
122,Sports & Outdoor,kWLZzp9W7x
127,"Arts, Handicrafts & Sewing",Z4GTRZ5w7d
127,Automotive Parts & Accessories,aTo5zcJLU1
45,Health & Baby Care,GeOtz4yAxC
127,Pet Supplies,yV6XjlpJZE
127,Industrial & Scientific Supplies,kNadyocY91
22,Collectibles & Fine Art,EHI33YWFpw
127,"Arts, Handicrafts & Sewing",5pZQDt9Awq
127,Collectibles & Fine Art,T3aQ6xTYX5
127,Apps & Games,yAwQVYDdQD
127,Food,nxZlKSeHce
127,Household & Kitchen Appliances,eg8hDkFwZW
127,Handcrafts,i44qVvcxfI
52,Toys & Games,qxoH2OBJ5u
127,Appliances,sdbfDTETpu
69,"Arts, Handicrafts & Sewing",65ttEUq9Qq
10,Beauty & Personal Care,N1yT2YalFK
97,Automotive Parts & Accessories,UZkA6Va7wF
127,Centurion Garden & Outdoor,XTwNAe6lG6
127,Pet Supplies,8NnWXe6Sql
127,Others,girpp2jIOn
127,Tools & Home Decoration,jp2fP6hs9f
127,Film Supplies,iQAMwxHnxT
43,Collectibles & Fine Art,cJemphX9ob
127,Musical Instrument,ZGdkLRFXh6
127,Food,7QVgdLKvez
127,Toys & Games,rbgQZm3b48
127,Baggage & Travel Equipment,ODBC2Rvp55
127,Centurion Garden & Outdoor,zajxjI2GrO
127,Toys & Games,twKfAsm0zi
127,Handcrafts,fR6LyN6JfE
127,Beauty,r4h1id5lb3
127,Books,4ZvOUy3y4s
127,Collectibles & Fine Art,QRLGiXKAby
127,Handcrafts,2ex66ASCMc
127,Beauty,TLUFTOgvJA
127,Baby,bwyJPFyPM1
23,Toys & Games,Ip0HTejohH
127,CDs & Vinyl,oZEwG12oqv
127,Health & Baby Care,N0EbsVCUZl
127,Centurion Garden & Outdoor,fXn1OnOKZf
127,Musical Instrument,Dx0KrjJG4e
127,Tools & Home Decoration,iaNmDBGazf
127,Others,ugKFPWiW2c
127,Cell Phones & Accessories,NlRG9xj1bm
127,Pet Supplies,Ek04hLDWxx
19,Handcrafts,GMylDptMNo
124,Apps & Games,B5QaTCDGWV
127,Cell Phones & Accessories,bw70SX3gka
127,Appliances,ZVQqJZlBC3
127,Collectibles & Fine Art,mB9DQO5rMQ
127,Musical Instrument,6dyw0Znau3
4,CDs & Vinyl,1thtS1txR6
127,CDs & Vinyl,P5b3wq89OU
127,Appliances,rtxSzDOoB3
127,Centurion Garden & Outdoor,dSmmgMxHlb
127,Pet Supplies,s1LHCvr6Fy
12,Baggage & Travel Equipment,VQgDIncE6L
127,Collectibles & Fine Art,Ix9v9gVI5n
127,Handcrafts,99PIfrCkvD
127,Toys & Games,VJ0CT4oFGn
127,Sports & Outdoor,423LhrQjH2
127,"Arts, Handicrafts & Sewing",Nz11txjlAo
127,Sports & Outdoor,vjjlkXcoS3
55,Baby,e0wpxMCfkJ
127,Centurion Garden & Outdoor,58RMZQf4j8
127,Food,r0knx91YHA
127,Automotive Parts & Accessories,eM1aDRsSE4
49,Automotive Parts & Accessories,74dIowDxch
127,Film Supplies,KjlLRG6RDx
127,"Clothing, Shoes and Jewelry",VV4wKkp5Sn
127,Video Games,ogXJ7JZ2kz
95,Tools & Home Decoration,gXSP9WwAn0
127,Books,PWCZMJe3pB
127,Collectibles & Fine Art,LtuD26H3sX
127,Toys & Games,LQPrj5nvWg
127,Musical Instrument,USr2cqWZ6F
127,Film Supplies,vg9ta1f88p
127,Musical Instrument,PpmgVOmapi
127,CDs & Vinyl,eBZ2vZqtVa
127,Centurion Garden & Outdoor,mjbcLO1E4J
37,Collectibles & Fine Art,HLGnGsLJCU
127,Industrial & Scientific Supplies,8VkLGOlIqI
127,Centurion Garden & Outdoor,rdfVO592DJ
20,Books,I198cGopLf
127,Automotive Parts & Accessories,EOt0tfaOP8
31,Video Games,iyXWOZq15o
127,Others,RRwQZyIgfD
127,Industrial & Scientific Supplies,Cr5EnNU0me
33,Baby,3CJ6BdwlpD
127,Beauty & Personal Care,9sQufKbG3y
127,Sports & Outdoor,W2VlTePgGW
125,"Arts, Handicrafts & Sewing",ZB7ChT35UZ
127,Pet Supplies,pZAVUrMnmd
57,Books,olWi5hOzxk
127,Books,xpN3cUQJ8O
127,"Arts, Handicrafts & Sewing",rP7JaDep4p
127,"Arts, Handicrafts & Sewing",DwZ0U4irwN
127,Health & Baby Care,Q13eGUdmZr
127,CDs & Vinyl,e73tbcIuz4
127,Toys & Games,bEu5V3YHKU
127,"Clothing, Shoes and Jewelry",YHHSQvmaSb
30,Video Games,B9LgbByKLu
127,Centurion Garden & Outdoor,g1S2pD6P3z
127,Others,nIPpKhk5Cq
127,Computers & Electronics,Jau0bflHdF
127,Health & Baby Care,TAf5bM8pjJ
127,Books,v6upXtRfGk
127,Beauty & Personal Care,I835Nq1jUd
127,Household & Kitchen Appliances,EKHP6oQmwz
127,Household & Kitchen Appliances,BPUVjz8BRF
127,Health & Baby Care,tLNSI4pil7
127,Household & Kitchen Appliances,B8iPn6EGmt
127,"Clothing, Shoes and Jewelry",lQHLbUw2cf
127,Beauty & Personal Care,e8CusLRs2p
127,Sports & Outdoor,foxus1lerV
127,Baggage & Travel Equipment,0dTNZ7oAHR
127,Tools & Home Decoration,Pi28PVV3fL
127,Toys & Games,COJ7WbB7pl
14,Centurion Garden & Outdoor,ALmpGwU85Y
127,CDs & Vinyl,fTRwCpV8Wr
127,Computers & Electronics,NUlX2XCyOj
127,Computers & Electronics,JuwHoQLCtR
127,Film Supplies,Ha3WlKx1bN
127,Beauty & Personal Care,EmzBB3iAqM
127,Books,IRwPH84F8q
127,Tools & Home Decoration,sPLTVIQkEg
98,Cell Phones & Accessories,Ieqw9JZfTy
127,Handcrafts,enemwXCxye
127,Household & Kitchen Appliances,JTPo07RbV4
127,Collectibles & Fine Art,SDBLuKr5kv
90,Collectibles & Fine Art,BAY7XfN9V5
127,Toys & Games,VlwepD8gxT
127,Automotive Parts & Accessories,zUFqZL8zIp
127,Baggage & Travel Equipment,8isZspprns
127,Beauty & Personal Care,nXGvUP1C2h
127,Video Games,03zCwUj3LL
127,Apps & Games,hra2w70NuP
127,Handcrafts,XdYjwXPnZw
127,Collectibles & Fine Art,koeglVgZ37
127,"Clothing, Shoes and Jewelry",LiUl2ilKWx
44,Film Supplies,B6wsyp6PYp
127,CDs & Vinyl,RpBRUqY5Hg
127,Baby,JcgH0LZwCo
127,Household & Kitchen Appliances,bkkU6RFWij
127,Books,2wY9A5HV72
127,Beauty,KCn2B5FcAd
127,Food,y9U6gDNeyb
127,Centurion Garden & Outdoor,OON8hKAclr
127,Centurion Garden & Outdoor,PcjGxQzXCS
127,Collectibles & Fine Art,oK6uH9UkDS
127,Beauty & Personal Care,eZRhrVfavB
127,Handcrafts,wYmGUmdBsD
127,Baby,tWgja3qvHf
127,Appliances,CZUjDI9M0p
127,Computers & Electronics,jWGGtUSCGt
127,Beauty,027odahtTv
127,Centurion Garden & Outdoor,Mb2IllmQHs
127,Appliances,BeFcF89fLz
127,Beauty & Personal Care,tfSkm2ceLL
127,Baggage & Travel Equipment,6xmpR0a1Ni
127,Beauty,5cOrESxovZ
127,Household & Kitchen Appliances,RaNZwBQaSY
127,Cell Phones & Accessories,v6iAiO3G79
127,Handcrafts,mMuB2EVcTH
32,"Arts, Handicrafts & Sewing",d3iX4tF1Se
127,Food,2RbGnxiE1t
127,Industrial & Scientific Supplies,wHzAnaOTAP
127,Automotive Parts & Accessories,YOM3aV0D0J
127,Industrial & Scientific Supplies,mdgrADkFAY
127,Food,9so1z3onhr
127,Baggage & Travel Equipment,F14yPTNZwM
127,Sports & Outdoor,lBsLB8l5yY
127,Apps & Games,uIWO4yQPQh
127,Video Games,1djDPlyqvp
18,Industrial & Scientific Supplies,1FraOysV3T
127,Collectibles & Fine Art,kPcATZleex
127,Beauty & Personal Care,NIufNlVyl9
127,Books,FO1UFt4gJG
127,Tools & Home Decoration,VDpBaLUEeD
127,Books,DBLRmL0swM
109,Toys & Games,zoMnvql22C
127,Automotive Parts & Accessories,SA2qBJ4JXd
127,Pet Supplies,C01NrMUlyj
127,Film Supplies,rpCAPnx1wX
127,Video Games,n1KvHOkZ61
127,Food,wGIWuxFvSv
50,Appliances,1YLJjxYZ5K
127,Cell Phones & Accessories,G3hpntb3gK
127,Baby,2Vzy51yU3T
127,"Clothing, Shoes and Jewelry",nA168cqwRc
13,Toys & Games,8CAhzs5YqP
127,Baby,tUvkIxHzTC
127,Computers & Electronics,JiDSvwAl21
127,Film Supplies,Lg4mOX1EpN
127,Baggage & Travel Equipment,dXKdEiDuj0
127,Sports & Outdoor,gHVRVgJj7W
127,"Clothing, Shoes and Jewelry",d8LsZV0A6o
127,Cell Phones & Accessories,yMhmgfJBBm
127,Appliances,ZJH76cmAr9
127,Computers & Electronics,lmxK9C5RNm
127,Baby,TGUzVV3nfP
112,Beauty & Personal Care,2vzTdEqtvF
127,Toys & Games,mUeA01J2uB
127,Automotive Parts & Accessories,ZDPP6HEGwJ
127,Film Supplies,bwWb5p1NnP
127,Toys & Games,p4xfP2IvA2
39,Film Supplies,4iBp22U6iy
8,Others,fDwMiKcT6a
127,Cell Phones & Accessories,PnsksZ2y1o
127,Collectibles & Fine Art,p2DIVO5IF8
127,Beauty,rsQqo1fHga
127,Appliances,VTgTGbRX2q
127,Pet Supplies,PBrHYzyzx0
127,Video Games,zcEh7lb88V
127,Toys & Games,xXE9ncZQp2
110,Health & Baby Care,Flo2JUX3yW
127,Baggage & Travel Equipment,SgYIi8HnIB
127,Automotive Parts & Accessories,ulnjuPMzEI
124,Musical Instrument,7sGWDJj7db
127,Collectibles & Fine Art,Z1T8cGISkg
127,Others,l8guVZMMAU
127,Cell Phones & Accessories,3Kuu7XsUAF
127,Handcrafts,FjGm8OQUm4
76,Beauty,hfFGXwlb9G
127,"Arts, Handicrafts & Sewing",kE3OBbDoZY
127,Pet Supplies,febdhhbCAF
127,Books,g1BEYa4JAV
127,Apps & Games,4zPbmDaFvy
127,Pet Supplies,SYcO41eSxL
127,Beauty & Personal Care,t7YaFo3pb8
127,Appliances,C2ZKkO9G4M
127,Computers & Electronics,pRyHf3G8xo
127,Apps & Games,ETeVW7pNXF
19,Health & Baby Care,9GU8zFeOP8
127,Musical Instrument,HRUwChpd9y
127,Collectibles & Fine Art,n0VTicBC0q
95,CDs & Vinyl,VMdW2wMcQU
127,Pet Supplies,OKLW2XIGDU
127,Health & Baby Care,cTCUWVqzxz
127,Tools & Home Decoration,Ooo1uY4e5D
127,Automotive Parts & Accessories,37c0J1eTwz
127,Baggage & Travel Equipment,zKRNStyRs5
127,Beauty,GHxA5AOqvw
127,Others,EFHSv9GWpX
127,Household & Kitchen Appliances,dRlfqExhZY
84,Health & Baby Care,08BKpTTExe
127,Centurion Garden & Outdoor,aKboIdQYEZ
127,Baby,0FbWOZUmIT
127,Tools & Home Decoration,DwPedVkf95
127,"Clothing, Shoes and Jewelry",mYkF9cGY6w
127,Books,DyFiuMafIc
127,Household & Kitchen Appliances,pYk1wSyKhh
127,Baggage & Travel Equipment,PViK5O1u9l
127,Beauty & Personal Care,9Cd4w4pzbX
127,"Arts, Handicrafts & Sewing",mHkbOugsLW
127,Musical Instrument,F7jZA6VMDt
127,"Arts, Handicrafts & Sewing",A6rsj3dBnT
127,Baggage & Travel Equipment,0376TnvjKo
127,Tools & Home Decoration,0JBgdMEoVB
127,Health & Baby Care,m1ogSL7lTS
127,Others,JhMnueVLvw
34,Video Games,dLLD6M1FB8
127,CDs & Vinyl,y9imL7b3IG
127,Collectibles & Fine Art,clm3HHkDhR
127,Beauty & Personal Care,Dg4gEGCsfX
127,Musical Instrument,N1P7ZvZPfS
127,Beauty,Bv7SfWzNlZ
102,Others,XLxrqFQ6mP
127,Beauty,rvbYbE6c7b
127,Pet Supplies,3FQxY3dIlZ
127,Sports & Outdoor,LEjDBWZOIU
7,Cell Phones & Accessories,qDYAcz6ina
127,Centurion Garden & Outdoor,77lzUUTAyE
127,Food,Ms0Y8gX47f
127,Food,vFfvlsz2EI
127,Centurion Garden & Outdoor,xMS1C8zEUt
127,Household & Kitchen Appliances,U1WX2Tsi2g
127,Musical Instrument,24gP2QyuXb
93,Industrial & Scientific Supplies,4FtHJ1SpGL
127,Toys & Games,VXs80JSZXN
127,Books,xlM3jmB6XU
127,Automotive Parts & Accessories,sci9OkUGvP
127,Household & Kitchen Appliances,fn83stJ0Fe
127,Health & Baby Care,tGZiQu0Cro
127,Toys & Games,bYWjUD4ko9
127,Centurion Garden & Outdoor,8QYLUAilXg
127,Film Supplies,BXNgVic59h
127,Collectibles & Fine Art,VojsI1YcIK
127,Others,KRaiRiyRDQ
127,Collectibles & Fine Art,XLyb8jqrF4
127,Beauty & Personal Care,xNZfpIIE8w
127,Sports & Outdoor,cIyAeERSsu
127,Film Supplies,TUBOApiFF8
127,Collectibles & Fine Art,ZGgST5VLWi
127,Pet Supplies,YAVC57yFFh
127,Musical Instrument,RTB2PPbWAU
127,Others,OGOjSD8p3t
127,Appliances,RMcxEM6k6P
55,Others,bGvPl0ixiE
127,Books,L1EoC4Lf0T
127,Film Supplies,oiGmzDY4Cy
127,Household & Kitchen Appliances,kCfZueZYmI
127,Computers & Electronics,zozTX7TtoF
127,Cell Phones & Accessories,U0FBadbEfK
116,Cell Phones & Accessories,CgNkTkjjrI
127,Food,e3oNp4JlMT
127,CDs & Vinyl,YYOW6WhaDo
127,Musical Instrument,obJuPtUx7P
127,Toys & Games,sfjaaXx4HL
104,Musical Instrument,IR0mOUNpMJ
127,Food,aDRAn9gu7T
127,"Arts, Handicrafts & Sewing",qpWduhBD2g
127,Handcrafts,FiFSbpkY4e
127,Musical Instrument,nVh7StvBNY
127,Handcrafts,BIsd5m4xo3
127,Cell Phones & Accessories,lUEXWCLedB
127,Computers & Electronics,ndsT3UGTuD
127,Beauty,2CJVGlOky8
127,Appliances,2DJs6Ms5My
127,Toys & Games,NitMoHrCBZ
127,Apps & Games,UhdRiG3muT
127,Handcrafts,T7Zyx9iCkp
127,Appliances,KwiqJffTDI
127,Film Supplies,deu7pFxNmi
127,"Arts, Handicrafts & Sewing",0xdWt62eb5
127,"Arts, Handicrafts & Sewing",clCk2MmZRm
127,Sports & Outdoor,rT1QN6wdHZ
127,Film Supplies,8lTyaKnK5q
127,Books,tbjNu6rhw0
127,Appliances,CZj0r9Keg4
127,Others,qbCxEwfTIl
127,Health & Baby Care,XoKcZMAPw9
127,Handcrafts,IbScraq1Gn
127,Automotive Parts & Accessories,OVs0HZUWjn
127,Industrial & Scientific Supplies,91sVBlrtSF
127,Apps & Games,Qp3PlWoy2r
127,Cell Phones & Accessories,y10C9V344B
127,Film Supplies,rJQkki0EGL
127,"Arts, Handicrafts & Sewing",UtBR4JA1cx
127,Household & Kitchen Appliances,zJxGkd3fmt
127,Automotive Parts & Accessories,or4KFJK05N
127,Pet Supplies,yyxV2KljsI
127,Collectibles & Fine Art,cAmBjIG28i
127,Video Games,IcFmKpI3fK
127,Toys & Games,rXwjhuzCF7
127,Beauty & Personal Care,BWjqMEWQvy
127,Centurion Garden & Outdoor,FLEAzaPEiW
127,Industrial & Scientific Supplies,gvgKiJrUVC
127,Food,JJJ5r5BAPr
127,Tools & Home Decoration,lfajWHeg6Y
127,Appliances,KEfnVqWbGd
127,Health & Baby Care,jeJ48cZ32l
127,Tools & Home Decoration,DR8OnHHDOZ
127,Centurion Garden & Outdoor,beY3hW6073
127,Centurion Garden & Outdoor,iolQfBwCqK
127,Books,RMQNmP16HP
127,Handcrafts,RUHqhFhTiZ
127,"Arts, Handicrafts & Sewing",r4jQwSnGDm
110,Tools & Home Decoration,YpQsqebBYq
127,Beauty & Personal Care,eSfR0sw3rh
127,Health & Baby Care,t5rgW4P6By
15,"Arts, Handicrafts & Sewing",8Gyj6aMkj7
127,Beauty & Personal Care,gUKKJj2rB4
127,Film Supplies,go6hT6mrYE
127,Centurion Garden & Outdoor,aE71Lnd5T3
127,Handcrafts,Fm5BiWZZVg
127,Tools & Home Decoration,a8UK6MQHaf
127,Toys & Games,HKd28MVlgE
127,Sports & Outdoor,PzGHF0RbxT
127,CDs & Vinyl,oiiDrKjsVx
127,Household & Kitchen Appliances,CE0E52PvXv
127,Health & Baby Care,6lA9IjDGig
127,Film Supplies,r4PfETlcD1
92,Health & Baby Care,v3EHXOP7aq
127,Toys & Games,VwdghByYI6
127,Toys & Games,CH20gAScPh
127,Video Games,dBHfG027GG
127,Baby,k91LNZMK86
127,Beauty,MhnoBugHuH
127,Beauty & Personal Care,alhCOgkm8d
127,Household & Kitchen Appliances,Pd6J26fmA0
127,Beauty & Personal Care,X6Rrviv5Mv
127,Industrial & Scientific Supplies,tyNrBfxUOw
127,Appliances,GVMtopFTD4
94,Sports & Outdoor,6tsgi7v3l1
127,Appliances,01WIvZu3gK
127,Health & Baby Care,Ip5zBfhsnh
127,Video Games,73hJG21TEv
127,Beauty,aFmzByKT1T
127,Film Supplies,640WvwV5b9
20,Books,qSKqfxQdvl
127,Health & Baby Care,3jqgGbgzsp
50,Handcrafts,ipS0lH1Cpi
127,Baby,qDJIbEYaN4
127,Collectibles & Fine Art,fgpwe4WR53
127,Books,U3fQFAVvUs
127,Beauty,h49fmLClJs
127,Centurion Garden & Outdoor,YxPXiwdlXL
127,Sports & Outdoor,VgynhpJF5i
73,Collectibles & Fine Art,H3tbrrAGQb
127,Computers & Electronics,cif42ycGuO
127,Beauty,2ETzqCQI8w
18,Beauty & Personal Care,D7oQ3WxCPT
127,Apps & Games,rN36qAfQU7
127,Books,Z2JAq7IPKK
127,Baby,OvobAWTYN4
55,CDs & Vinyl,8yOZKmHr1G
127,Beauty & Personal Care,74XghRdrUi
127,Pet Supplies,JjYFImexk5
127,CDs & Vinyl,W8qxhLjf7C
127,Appliances,4w3cCRRzw6
127,Toys & Games,tOwbhIioU6
127,Handcrafts,g8w56RdU9I
16,Health & Baby Care,TnQ40JLDhv
127,Food,mtTeb8CY3b
127,Baby,Twq4nP6FX6
112,Collectibles & Fine Art,NNoGMF38ze
127,Beauty,wlThkKpqrD
127,Toys & Games,4wnUleKzW2
47,Others,w0sypYrr8G
103,Sports & Outdoor,hcDw6YXNJV
127,Apps & Games,oBsOgiqBxf
127,"Arts, Handicrafts & Sewing",8dtevWO2a2
127,Others,49a7RNk3ZR
127,Toys & Games,wnVikvyy01
66,Cell Phones & Accessories,yMHrPbcRrC
58,Food,ytKJZjPyDY
127,Industrial & Scientific Supplies,VviQuLmqhq
127,CDs & Vinyl,3CclDdK99e
127,Industrial & Scientific Supplies,TJ8wlJVmDS
127,Books,ytEMsn5wr4
127,Computers & Electronics,Ltcq9cvyKX
127,Automotive Parts & Accessories,0nw1uzXlrF
127,Food,XIuJZlSfJw
127,Apps & Games,QRdz4IGez9
127,Musical Instrument,DpxWMPvB3a
127,Sports & Outdoor,vspzvB1BxS
127,Beauty,Fr6dTJaisQ
127,Film Supplies,jkblYsVgSY
127,Books,1JRS8NbdOS
127,Food,jRKLY1KIFJ
127,Automotive Parts & Accessories,rX8g72F0Qs
127,Household & Kitchen Appliances,PPURkXhZPk
127,"Clothing, Shoes and Jewelry",oE0H2uAOgH
127,Collectibles & Fine Art,OEuL5vP4Nw
127,Pet Supplies,PzDVgds2On
127,Pet Supplies,9symWQlHVH
127,Computers & Electronics,zFdjX6OpYy
127,Video Games,mb1FAVBFax
127,Collectibles & Fine Art,RjufKKQlh0
127,Baby,bdXeSMRhPa
127,Food,2vog1TRQ2t
127,Automotive Parts & Accessories,niZUIaqBro
127,"Clothing, Shoes and Jewelry",xFDIjkvwXX
88,Video Games,XYexAXwr8t
127,Computers & Electronics,eHJmu578Yr
127,Pet Supplies,mbJhfaUCJ8
127,Others,U0JEwjihlE
127,Beauty,LepjI1NMxq
127,CDs & Vinyl,wnXYVvvbEf
127,Others,MOYJ8IwXed
127,Computers & Electronics,SfQ0C8HFGw
127,Food,XdUgVtLQoe
127,"Arts, Handicrafts & Sewing",iLunRCMolt
127,Others,SO2z9IeVfQ
127,Tools & Home Decoration,LjUVEDu11y
127,Musical Instrument,iF7eP0OHI2
62,Books,yjok4o0x85
121,Film Supplies,YeCR5N92xd
127,Appliances,B2CqiEjQUs
7,CDs & Vinyl,USR3jmli47
127,Food,BOd1ZBASTV
127,Household & Kitchen Appliances,GI5Xbd6TxS
127,Cell Phones & Accessories,2SaBx1mL2i
127,Collectibles & Fine Art,gNwEBWTlnR
127,Beauty & Personal Care,99Uxi6xIZJ
127,CDs & Vinyl,HTQLaJKHUe
127,Appliances,2ODKXADEYd
127,Sports & Outdoor,lIgVgJivZf
127,Musical Instrument,nZJCWRoqih
127,Baby,TZDZ9PL3Nb
127,Cell Phones & Accessories,GVqlX3VydR
127,"Clothing, Shoes and Jewelry",Pm72DwlHcc
127,Household & Kitchen Appliances,erHddqT02E
127,Centurion Garden & Outdoor,irdzZCqglP
127,"Clothing, Shoes and Jewelry",oEj7jBN3wO
127,Others,1t7Vhg4kE4
127,Automotive Parts & Accessories,mo6blm0jNr
127,Food,QYcufJlJdJ
23,Film Supplies,sFzI2RJ3Bl
127,Health & Baby Care,QEZjEj5hWB
127,Industrial & Scientific Supplies,imLK5x7klZ
127,Collectibles & Fine Art,rXS91VJho8
127,Video Games,vd384cJ3Bt
127,Beauty & Personal Care,y4ws8clMmE
127,"Clothing, Shoes and Jewelry",k1JeN8IqHA
127,Baby,Z2MPAm2Xt9
127,Beauty,lpLvekrtMP
127,Toys & Games,qdxfu76Bpe
127,Beauty & Personal Care,5GbwfdxwwU
127,Video Games,ntnUDRwpp3
58,Industrial & Scientific Supplies,CckM4aKuTS
127,Beauty,LPxWLZzlmB
127,"Clothing, Shoes and Jewelry",Yz1LzOndHQ
127,Video Games,UUmWFUFWUe
127,Sports & Outdoor,q9VvXD1pem
127,Cell Phones & Accessories,rc6tDUkkLo
127,Tools & Home Decoration,Stp9P6Mzoj
43,Video Games,6exTeZQoef
127,Appliances,mAOnkv3odW
127,Toys & Games,53lCSFRH49
127,Household & Kitchen Appliances,MqNVMULBBt
127,Handcrafts,kMC1evvIMC
127,Beauty,jO3C6Ww62A
127,Baggage & Travel Equipment,rmUryoBBHU
109,Beauty & Personal Care,vW6dcqs02x
127,Cell Phones & Accessories,RWOSqeCt7c
127,Household & Kitchen Appliances,cj5SfQSubh
127,Automotive Parts & Accessories,rtYehq03Lq
127,Automotive Parts & Accessories,jezOsXT87G
127,Apps & Games,iK5m52Mq2q
57,Automotive Parts & Accessories,SVveT2KBVa
127,Collectibles & Fine Art,2lIgdclb6l
127,Food,VII5dMvGgV
127,Beauty,hqyX3QRrHZ
127,Food,tlaACzAS6Y
127,Beauty & Personal Care,fetT6MXHnH
127,Handcrafts,2MPoZn7orA
127,Others,qcJQZojkfw
107,Apps & Games,Uhta8MBujL
127,Handcrafts,w33GOaJVX6
20,"Clothing, Shoes and Jewelry",gy7iblUi9n
127,Household & Kitchen Appliances,fuazYHO5pa
127,Food,75EfNgmjCm
127,Collectibles & Fine Art,gNVz6xrbNP
127,Tools & Home Decoration,OE8qdcriai
127,"Arts, Handicrafts & Sewing",5ylMpFUzUT
127,Film Supplies,JSCyavXY2l
127,Others,78DxMm5FSI
41,Handcrafts,HVMcgoW47M
127,"Clothing, Shoes and Jewelry",7IIJCrQBHP
127,Others,rRBW9wXDTA
127,Sports & Outdoor,Hv71avegV3
127,Baby,wRn8ul8sts
127,Automotive Parts & Accessories,9fYnTtn758
95,Video Games,zzQCLB5CBq
127,Computers & Electronics,ECPofFUhAk
127,Beauty & Personal Care,QzXKcARFCb
127,Automotive Parts & Accessories,c0BV15V8IA
127,Collectibles & Fine Art,6XPCykk2bK